1;Ciências Agrárias
2;Ciências Agrárias
3;Ciências Agrárias
4;Ciências Agrárias
5;Ciências Agrárias
6;Ciências Agrárias
7;Ciências Agrárias
8;Ciências Agrárias
9;Ciências Agrárias
10;Ciências Agrárias
11;Ciências Agrárias
16;Ciências Biológicas
17;Ciências Biológicas
18;Ciências Biológicas
19;Ciências Biológicas
20;Ciências Biológicas
21;Ciências Biológicas
22;Ciências Biológicas
23;Ciências Biológicas
24;Ciências Biológicas
25;Ciências Biológicas
26;Ciências Biológicas
27;Ciências Biológicas
28;Ciências Biológicas
29;Ciências Biológicas
30;Ciências Biológicas
31;Ciências Biológicas
32;Ciências Biológicas
33;Ciências Biológicas
34;Ciências Biológicas
35;Ciências Biológicas
40;Ciências Exatas
41;Ciências Exatas
42;Ciências Exatas
43;Ciências Exatas
44;Ciências Exatas
45;Ciências Exatas
46;Ciências Exatas
47;Ciências Exatas
48;Ciências Exatas
49;Ciências Exatas
50;Ciências Exatas
51;Ciências Exatas
52;Ciências Exatas
53;Ciências Exatas
54;Ciências Exatas
55;Ciências Exatas
56;Ciências Exatas
57;Ciências Exatas
58;Ciências Exatas
59;Ciências Exatas
60;Ciências Exatas
61;Ciências Exatas
62;Ciências Exatas
63;Ciências Exatas
64;Ciências Exatas
65;Ciências Exatas
66;Ciências Exatas
67;Ciências Exatas
68;Ciências Exatas
69;Ciências Exatas
70;Ciências Exatas
71;Ciências Exatas
72;Ciências Exatas
73;Ciências Exatas
74;Ciências Exatas
75;Ciências Exatas
76;Ciências Exatas
77;Ciências Exatas
78;Ciências Exatas
83;Ciências Humanas
84;Ciências Humanas
85;Ciências Humanas
86;Ciências Humanas
87;Ciências Humanas
88;Ciências Humanas
89;Ciências Humanas
90;Ciências Humanas
91;Ciências Humanas
92;Ciências Humanas
93;Ciências Humanas
94;Ciências Humanas
95;Ciências Humanas
96;Ciências Humanas
97;Ciências Humanas
98;Ciências Humanas
99;Ciências Humanas
100;Ciências Humanas
101;Ciências Humanas
102;Ciências Humanas
103;Ciências Humanas
104;Ciências Humanas
105;Ciências Humanas
106;Ciências Humanas
107;Ciências Humanas
108;Ciências Humanas
109;Ciências Humanas
110;Ciências Humanas
111;Ciências Humanas
112;Ciências Humanas
113;Ciências Humanas
114;Ciências Humanas
115;Ciências Humanas
116;Ciências Humanas
117;Ciências Humanas
118;Ciências Humanas
